header,prt,nn,hmm hit
JAI63243.1,MEEWLRFSVCYWHSFRGTGSDPFGGPTIKRPWDDGTDSLDNAKRRLRAAFEFFTKLGIKYWTFHDRDLAPEGKTLAETNANLDEVVELAAELMNKTGVKLLWATCNLFVHPRYMHGAATSCDAHVTMYAAAQVKKGLEVARRLGAENFVFWGGREGYHSLINTDVRAELDHLAAFYKMVIAYKEKIGFKGQLLIEPKAKEPTRHQYDYDAQTVMAFLHQYGLSAHFKLNIEPNHTTLAGHPYEHDVIFSSAYGMLGSIDANTGSPDLGWDTDQFPMDVRSCTMVMKAVLEQDGIAPGGLNFDAKVRRESTDLKDLFIAHAAAMDTFARGLKNAATMISDGVFAKSINARYVSWKSGVGSRIARGEATLEECEKVVMEHGDPRPESGHQEHFEAMLNHYI,,
JAN62595.1,MTLGQIVQRLKETYCNSVGVQYMHILNRDKCNWIRTKVESLVKSEENKEKQMHILERLAFSVVFERFLGNKYNTTKRFGLDGAESLIPGLKYMIDRATEMGMEHVVIGMPHRGRLNVLSNVIRKPIQQIFKEFQGTHIDVESYKQMDVEDWSNSG,,
MDW4966353.1,MDGKTFNLSVYFLVFSILGEHSCNGHMEFKMVHDEPINKTVNALFEKIKGMQILQEKNGTMPFSWTEQKGSYVSEVKLNFHGDFEYAALRRLFAIPDNNMFTSAWVTSCLLEAYSYGNCPKPSKEQIGLSVNAISEYHNRNPNNGETIMTFWPQVFNTSVKAWQSVPENLISLLNLSKYFPGKAIEEILKFLHLDEMEKALEELLRYSDEFLLAFHIPPDFDDTFVNLGVGALLGFNIADFSDEWNMWYSRNRNMSAVFDALKKYAYRPFSSDFRVNSIDPRTYFYLRYFLSDSKSIGGDLALVTTWVQDTEEVKSLFFKGVAMPFNVNNIDVTVCANVIFGITSGVLSNAIDKPDLYIDEDVKKIYMNTTSLIAYEIARNLSSRPDLTLTYYPSKFEFYWFTSRTYSLLNRKYGKEGFPKELEYLEFAWQTLGPALKQYMTKDVILSFSLDTMGRAFVDDFLGDGDLDLRNFTLRRAEDRIFSTAMAVNSLIYTWTIFDGKDRHLVWDIDTPDRVKTMTARAVDWLNIHTLLGEYKPWNTFFSGSGKGIDSMPFPYPANRREYFNGTTFPDTKFPPIPTFILAMQGYVTDDEYTAMLKQPHFGMMTPLTFNGYNSELGSFFPFWSCDAYTYSAVLVALANYQNIRQ,,
NDV35695.1,MNNVCNWWAGLFYGVVPNSYAISHNKIHHAYSNGLLDVHTNWDLDRTKPFSFLLYIPRFAGYWMSISPIWYFYKGVEKTERRFLRGLIFGVLYHVAAAALVAYLVDLRFMFLYFLLPMPEAIVFLGGVSYIWHAFIDPNDYDNYYVSSMTIVNGRENMWNEDYHVEHHFAAHLHWTEFPEHYSKNEENFRQKRATIFTDTEEGELFFLLITKSWDKMAAKFVDLSNSMSLQEKKELLIQRLSHTVEVSA,,
NUU93498.1,MKGGRILLLLVCSSVITLGVFAAGPPTCPADLGGKCSDSGEWEGEFFPGIPKIKFEGPSSKNPLAFKWYNAEEEILGKKMKDWMRFSIAFWHTFRGTGGDPFGAPTKYWPWEDGTNSLAMAKRRMRANFEFLEKIGVDRWCFHDRDIAPDGETLEESNKNLDEVVALAKELQGTKIRPLWGTAQLFMHPRYMHGGATSSELGVYAYAAAQVKKAMEVTHDLGGENYVFWGGREGYQSLLNTDMERELDHLARFCEAAVAYKKKIGFNGALLIEPKPQEPTKHQYDWDAATTANFLRKYGLIGEFKLNIECNHATLSGHSCHHELETARINGLLGNIDANTGDPQIGWDTDQFMTDISEATMVMLSVIRNGGLAPGGFNFDAKLRRESTEVEDIFLAHISGMDTLARGLRSAAKLIQDGSLAELVRKRYQSFDTEIGAQVEAGKGDFETLEKLAMKWGEPKVPSAKQELAEMIFQSAL,,
JAV80274.1,METYIPKYGLKLNLDHKYLENWPQPCISRWKHFLTLLPVLFRYLLAYISSKIFGHCIVMDCMQIVRSKRIYGVPIGGIGCTIGRGFRGEFCRYQLKPGNCKYSTVEANEFIVTIKDSSSVTIFQSTLSTYRRSNKILSSWKQRLDASKCKYTGLYPRAWTEYDLSDYGIKLICRQVSPVIPHNYKDSSLPCAVFIWNIENISNEERKVTIAFTFKNGMSDLTSKSTPCSTQSFSYLDSSGVTLRNYIEKMPCTYALAAKLKDNMNVSKCLYFNPTSDGAEPWNQLYDDGNFSDLTKTETDEVYDEVGCGIAVQVKVAPGAVEEPEMCLVWDMPIVSFPEGVTKYNKFYTKYFGVEKAALKIVNHALRNYKDWELAIYKWQEPVLNDAELPDWYKAALFNETYFISDGGTVWFTLGEEESERLPVTDPRQKYGRFGYLEGHEYRMYNTYDVHFYASFALAMNWPNLQKSMQYDFKDYVFLEDHHRQRMWYDGKFAQRKIKNSVPHDSGDSNGDPFVLINVYPVHDVSEWKDLNSKFVLQVLRDYKLTMKFEDGSFGKQYLEDMYKACHVVMQKSMTFDTDHDGLIENSGFPDQTYDAWIMTGSSAYCGGLWLAALYAMVVIARELNKNEDENMYAGILEKAKTAFEDKLWNGKFYNFDCSKLASSVMADQLCGHWYLRCSGFEYEVFPKSNVESALNTIFENNVMRYKNGTSGAVNGYIFEKEIDTTALQSEEVWTGVTYSLASCMIYENLNSKAWKTIGGMVNLLTNRIGLAFETPEALGFKHYRSVGYMRPLSIWAVQLAWESQRKNSALKPTFPIEDMVEKPA,,
MPA35733.1,MAAATSFSPSVAAASSSSSKSLKPASKTLGLNLGFLSSTSSKTALKPLKARVLPSNEAGSGSALGARMVSMPAIKPPTTLDFETSVFNKEKVTLAGHDEYIVRGGRDLFPLLPDAFKGIKQIGVIGWGSQGPAQAQNLRDSLVEAKSDIVVKIGLRKGSRSFAEARSAGFTEENGTLGDIWETISGSDLVLLLISDAAQADNYEKVFSHMKPNSILGLSHGFLLGHLQSKGLDFPKNISVIAVCPKGMGPSVRRLYVQGKEINGAGINSSFGVHQDVDGRATNVALGWSVALGSPFTFATTLEQEYKSDIFGERGILLGAVHGIVESLFRRYTENGMSEDLAYKNTVECVTGIISKTISTKGMLAVYNSLSEDGKREFEAAYSASYYPCMDILYECYEDVASGSEIRSVVLAGRRFYEKDGLPAFPMGKIDQTRMWKVGERVRAARPAGDLGPLYPFTAGVFVALMMSQIEILRKKGHSYSEIINESVIESVDSLNPFMHARGVSFMVDNCSTTARLGSRKWAPRFDYILTQQALVAVDNGAPINRDLISNFLSDPVHGAIEVCAQLRPTVDISVPPDADFVRPELRQSGN,,
JAB88395.1,MHGKCSVGLRAYMLNIRTSLNMSTFGAEFEQIWPKAGSTVKLSDFGKKLLQKCLKVEKPDIKHIDVESFIKKSSNFPVEFGTNTCRIISQPKQRYPEIQKQIASAYPVIHERVLGLYLAFLEHKCKYGNKRELKLYQNLTLTDFVQRLLAKRCVSFFGKNDKYLLLSRHRGCSGFLDIGTDAEKPPLLLQDVLCYDEIKLSAFLSVSSHTEFLNDGNRQNCGVIEKNKSLIETDGVIIGLIGARLVRRDVMEFQDIIIAKKQNTKENGYGLPIEAEANTQPTDYRRVWKEFYEERDYLYAQVQRDGKRFDNARAKDDIFDNVLMKKRYTISFDTLLLESEARAAAAGKQAYIHVVGIGLGVWRAAEQQEKIFLETFAQRLKVLLPKLTHIGVVHFSWFKLNAWGDLKHGGIIKSETHPDGGIRTFLSKRNPADKLVSTNMKSPELENMLLIVSYAWDGNALPGNEFWMKMLKSTGDSSTACSTLITEIHNPHINTELVNGANLHIASEQYGILHITDYVKKSLE,,
JAV79486.1,TKADLTDVSIRNSAWDRLLFSSFQIGTDVFFYYPARATIELHAKYSTQPVYFYLFGYRGSYTHLSDYGDTSYNYGVVHSDDIVYLLSDAQLALHNSTTTDIQMRTVMTTLIDNFAKRGDPTSKLDRFITQKWEPVKRNKFSYYAIMGPNDLRTESTLY,,
MBS4145947.1,MVINLKEELIMNSHKTIDGRGHNIQIADGPCITIQNVSNIIIHNIYIHGCVPGGNAIVRDSTKHYGLRGISDGDGISIFAARDVWIDHCTLAACHDGLIDAVSGSTSITISNNYMFNHNEVMLMGHSDDFLDDKNMQVTIAFNFFGENLVQRMPR,,
JAV63865.1,LAHRSGWQQISDCLVGISWLQGKFLGLNEPVVPLLPNSDYQTGLVGAAAVLQALFQRTKIDCTYDIDVSLTQYNIWYYRLGQYTAEQGKALLARNEGFHVRHYDEMFSLIQKTHAAIAKARPELFEKPDYFSAMSGREWGVDDDVSILAPPFKFETSVLEYAVPSGARGRSMPKWAA,,
MOB05820.1,MIAKATADLGSLTSLVDYVMVCVPPGTSGGWIAYAYINYWLSVYNDNWCRYPSGQLHEIGHNLNLGHSGEGTVEYGDQSGMMGYSYSSDEGPIMCFNGAKTWQLGWYSAFHVDLPIGTSYAWSGNLIGFSQKASALATDKMIVRIKSSTIDVYVHYNAIIGFNSGTREGGNQVLVATRNPGTGYSASSL,,
JAT30377.1,AAVYKALNDHHVFLEGTLLKPNMVTAGQSCSKKFTYTDNARATVLALSRTVPAAVPGVTFLSGGQSEEDASVNLDAINKIQGPKPWVLTFSYGRALQASVLKAWQGKPENVKAGQEELIKRAKANGLAAVGQYAAGSIASKAGDSSLFIKNHAY,,
JAF92985.1,MYFATGNNSYLTIATAPGMAKHAGAYWFGSPNYGVFTWDDKLPGAQVLLSRLRLFLSPGYPYEEILRTFHNQTDNVMCSYLPLFNSFNFTKGGLIQLNHGRPQPLQYAVNAAFLASLYSDYLEAADTPGWYCGPNFYTTEVLRKFARSQVRFSS,,
MBS4136731.1,MKGGRILLLLVCSSVITLGVFAAGPPTCPADLGGKCSDSGEWEGEFFPGIPKIKFEGPSSKNPLAFKWYNAEEEILGKKMKDWMRFSIAFWHTFRGTGGDPFGAPTKYWPWEDGTNSLAMAKRRMRANFEFLEKIGVDRWCFHDRDIAPDGETLEESNKNLDEVVALAKELQGTKIRPLWGTAQLFMHPRYMHGGATSSELGVYAYAAAQVKKAMEVTHDLGGENYVFWGGREGYQSLLNTDMERELDHLARFCEAAVAYKKKIGFNGTLLIEPKPQEPTKHQYDWDAATTANFLRKYGLIGEFKLNIECNHATLSGHSCHHELETARINGLLGNIDANTGDPQIGWDTDQFMTDISEATMVMLSVIRNGGLAPGGFNFDAKLRRESTEVEDIFLAHISGMDTLARGLRSAAKLIQDGSLAELVRKRYQSFDTEIGAQVEAGKGDFETLEKLAMKWGEPKVPSAKQELAEMIFQSAL,,
MCR4984047.1,MISWLLQGGPQDAKHRGKVHPVVTFCLHYAIVACVSFTAHDWMVTRELSNTNPTSTFCTVPPMRKSIGVFFGFYFVLFFASRLALRWRQDIFYVEFYRQTFLCSVTIFHVALGLYTGRIVLAQSFCVAVGIDQLLWYVDLTGYLLLHKFPIGVSEYLFWPGTTWASRLTSTHHLWTIPLVLYASGSGLHPLSFPLSVLLVLVNVLLSRLLTPHSIASTDDADDETKKKHPPHYLNLNLAYELWSDIKNFPFLLVLEDRLPYLFRLFVAWWSFNAIVFAFLSYISTRMFGPPLIC,,
MCK0556160.1,MPISRISVGETQEATHPNTLRAALAEFISTLIFVFAGQGSGMAFAKLTANGAATPAGLVAASIAHAFGLFVAVAVGANISGGHVNPAVTFGAFVGGNISLLRGVLYWIAQLLGSTVACLLLKFSTGGLVYRFSSPSSESLFIYHYFKLFGAYHFVDVG,,
MCK0620318.1,MPFIGQKNAVDGLKSDLESTVPNRNDIAVDILERLTSILEEVHLTGACTSAFGPNLLQEGEENIGQFLYFEGIEYHMWNTYDVHFYASFALAMLFPKLELSIQRDFAAAVLMHDPRRMKLLHDGKWACRKVLGAVPHDIGLNDPWFEVNSYNLYNTDRWKDLNPKFVLQSYRDVVATGDKKFAQAVWPSVYVAMAYMDQFDKDRDSMIENEGFPDQTYDTWSVSGVSAYSGGLWVAALQAASALAREVGDKGSGDYFWFKFQKAKAVYEKLWNGSYFNYDSSAAGNSTSIQADQLAGQWYDVIL,,
JAT02390.1,RFLHECPWERLEEMRKIIPNIPFQMLLRGANAVGYTNYPDNVVYKFCELSVKTGMDIFRVFDSLNYLPNLILGMEAAGKAGGVVEAAISYTGDVSDPSRTKYDLKYYTNLADELVKAGTHVLCIKDMAGLLKPAAATLLVKALRDKHPDVPIHIHTHDTSGAGVASMLACAHAGADVVDVAVDSMSGMTSQPSMGAMVASLQGTPADTGLDLKNVSAYSAYWEQTRQMYAPFECTTTMKSGNADVYLNEIPGGQYTNLQFQ,,
JAN57076.1,MDCYHESWRCVQVLGLKNMVAQARFHGMTAIMMIVQATKDCGEFNWGHVHVMWPLECAAFMGVIQHLTGPNNILNPWGGFGTMAEKNAIRSTQFRRLTQLAYDIQVRFMGNTSIQNVASFGNRAVYGKWANTVDGLMTAYDDWIARNMNPANMQAHIPVVAAANALILANLVVPQ,,
JAS90820.1,WEQESDYCNLVKEIAPYDSGPRLYDLMDMAVFDFLMGNMDRHHYETFRAFDNDTFPLHLDHGRGFGRAYHDELSILAPILQCCLIRDTTLATLLRFHNGPVLLSEAMRASMASDPVTPVLWEPHLIALDRRVKIILKAVRDCVEAAREMANGADEDSQQPDS,,
JAK82358.1,MNTQSGLLVVILVASSFAQTDILRSNVAIGSGSKQSSLMVVWNGNAFDFVYQSEQGLQLVGVLGAGSIPSDLPPPEPCDQAGLCWSFGSMASLSLTPTLDGQCHFVEWKSQFDSLADCFDMGQSYWYGGGEVFDQSWPIDGDTALMGDGGRPDVPYVTGDFFHNDFAGVLEPYWINTDGFGFYALRENPLFVSWNSSGDHQLCLKSRYEFPYPRPSVGQELGLRYFVCSTSDVKSMHLLALSKGFWSKPRDTPDQRVFEHPIWSTWARYKTLVNQARVLSFAEQIRQYGFNDSQLEIDDRWESCYGEHQFDAEKFPDPAAMVNQLHSQGFRVTLWIHPFINAECASFSEASAHVVSDANGLPALTSWWQGNLAGYFDYTRPSSGDWWSARIFKLKTDFGFDGFKIDAGETNWLPSGFDFSTRLPTNATPNGYSTAYVRTMERFGGMTEVRTGWAAQDVPIFTRMLDKSTVWGKANGLATIIPTLFQFGIEGYPFVLPDMIGGNGXXXXXXXXXXXXXXXLPIFRINPNIG,,
JAN63670.1,MNTQSGLLVVILVASSFAQTDILRSNVAIGSGSKQSSLMVVWNGNAFDFVYQSEQGLQLVGVLGAGSIPSDLPPPEPCDQAGLCWSFGSMASLSLTPTLDGQCHFVEWKSQFDSLADCFDMGQSYWYGGGEVFDQSWPIDGDTALMGDGGRPDVPYVTGDFFHNDFAGVLEPYWINTDGFGFYALRENPLFVSWNSSGDHQLCLKSRYEFPYPRPSVGQELGLRYFVCSTSDVKSMHLLALSKGFWSKPRDTPDQRVFEHPIWSTWARYKTLVNQARVLSFAEQIRQYGFNDSQLEIDDRWESCYGEHQFDAEKFPDPAAMVNQLHSQGFRVTLWIHPFINAECASFSEASAHVVSDANGLPALTSWWQGNLAGYFDYTRPSSGDWWSARIFKLKTDFGFDGFKIDAGETNWLPSGFDFSTRLPTNATPNGYSTAYVRTMERFGGMTEVRTGWAAQDVPIFTRMLDKSTVWGKANGLATIIPTLFQFGIEGYPFVLPDMIGGNGXXXXXXXXXXXXXXXXXXXXXXXXXXXXXXVAQTIDSEYLLGDDVLVAPVLQTGAVTKDIYLPKGVWRDEADPSHPVYTGPMWLYSYSAPLDILPYFTRVSPLQ,,
JAN07236.1,MNTQSGLLVVILVASSFAQTDILRSNVAIGSGSKQSSLMVVWNGNAFDFVYQSEQGLQLVGVLGAGSIPSDLPPPEPCDQAGLCWSFGSMASLSLTPTLDGQCHFVEWKSQFDSLADCFDMGQSHWYGGGEVFDQSWPIDGDTALMGDGGRPDVPYVTGDFFHNDFAGVLEPYWINTDGFGFYALRENPLFVSWNSSGDHQLCLKSRYEFPYPRPSVGQELGLRYFVCSTSDVKSMHLLALSKGFWSKPRDTPDQRVFEHPIWSTWARYKTLVNQARVLSFAEQIRQYGFNDSQLEIDDRWESCYGEHQFDAEKFPDPAAMVNQLHSQGFRVTLWIHPFINAECASFSEASAHVVSDANGLPALTSWWQGNLAGYFDYTRPSSGDWWSARIFKLKTDFGFDGFKIDAGETNWLPSGFDFSTRLPTNATPNGYSTAYVRTMERFGGMTEVRTGWAAQDVPIFTRMLDKSTVWGKANGLATIIPTLFQFGIEGYPFVLPDMIGGNGYNTVLPERELFIRWMQANVFMPTMQFSYTPWDYDLEVVDMALKMTSLHYQYSGLILTLASQAMTXXXXXXXXXXXXXXXXXXXXXXXXXXXXXXXXXXXXXXXXXXXXXXXXXXXXXXXXXXXXXXXXXXXXXXXXXXXXXXXXX,,
JAT16504.1,MRQVASITIIIQVISLLVQAQLIQGWSWQCLNRKCVRSNDPSGTGNNALSLSVCRLTCGQYGAVWPQPTGFTAISDKVISINPSLVQFDFSAVADLSRNPVRDFLHAASDLFVVNLQGLCGGNCSAFPQTSVTVHVATSSGDLTLNWLTDESYSLEVGILDDRVEVHIQANTVYGARHGLETLTQLVTYEETDDGGNYQLVMVTTAKISDKPKYPHRGLLLDTARNYLPLKALLRTLDAMASCKLNVLHWHATDSQSFPLVLPSVPQLARFGAYSAAEVYTMADVRAVVDYARVRGVRVLLELDMPAHAGNGWQWGSLAVCVNQQPWRQFCLQPPCGQLNPANPNLYRVLADVFRDLVNTLPQGETIHMGGDEVYFPCWNRSQEVTEWMMSRGLGLSQSDFMYIWGEFHKKVLEQWDLQVGNEKTPIMLWSSHLTDADVIEQHLDKDRFVIEAWTDSSDPLATQLMDKGYRLVMATKDSWYLDHGFWGRTQYHSWRRAYDNRLP,,
MCR4970925.1,WELMGASGCASGNTFDMNCVPSQTIIDKYIKWTSTRQQAITAAKRDFGTQGVNVYFYIEFNLGDENFASNPSAQGVPRPTILNSVVPSVNPDFLSYSSYKSTNKYMDYQGQYFNQTKVDGNFWAVLNHAQSKLSSTSTDLRPVLGDMTKRVFIGEYSPVNSRDSALFAPSAANVIRAALSWGCPFVLHWALYENDSFATALIPSGAADIYTFSPLRQLFKDWMDAAKAYVASKNPTQNQLRLWAVEWFRTKY,,
NDV30069.1,MLRGVWLVAVLTLASLCVVSSTFAYPEKHLAGPPTEFDMHRVPQPQNVITKEKSTSEYIWFQPQKNTQEVYRVMFPVDGPEEFVFSFSSPYISDLSFALYDPTGNLLPLEPIQSSMPIGEDVKIPTSVYIVKNSVEGTYVLVITTTMDYDRVSKLSTSSYPNAVLTIINNDKLEIESHYSSYLIKKGQSIGIVSQIVDVLTRSVPENIVVSSALLEVITPAGEDLEVTMTDSDDSLKPFNIPPSSGVYGAHIVASLPGEYLLQAKIQGSVRDPITASTRSFYRSSQHVIQVSPSDIEFSGTASIKTQSSGLLSVDIGVSVTTQTQLRAYTEVWGRNAQNDLVPVCWLGGVVMISGNHVSLELNPKWLQLAGVTGSLVLRGTYLNDLDTTFPVAISSTDIPVADSEALVSPATFDATMTITKEMREGVNPLKEYFQQLKSKNAAAPNLVLLPGYCSQDNPWSSSTKFENGAYFQSGGGNIGNHEFAGKVMDFVKNMQLPSFSLIGHSQGGMVSAHIHNYFFTGLEMATGGRLIQTVGTPWKGCSAAGGLADLGDIFGVACGSNNDLSLDGAVNWLAGITSETRKDIHFYTTTYELGNFFGDYCNAAMNLVLEWPNDGTTEIDYAILDGANYAGNTEKWCHTSSMAYPAQYTDEARNGEMNALAAR,,
JAS75956.1,WEQESDYCNLVKEIAPYDSGPRLYDLMDMAVFDFLMGNMDRHHYETFRAFDNDTFPLHLDHGRGFGRAYHDELSILAPILQCCLIRDTTLATLLRFHNGPVLLSEAMRASMASDPVTPVLWEPHLIALDRRVKIILKAVRDCVEAAREMANGADEDSQQPDS,,
JAT25179.1,MNYFKRNSYLNLQTDIRGAQRRNHPCTRLPVVVSLALGAGAVVIVYFIIKTLGASSTEGVRPMKLPPDFYFSCATSAYQIEGGWREDGKGESIWDRFTHNMSDRVADRSTGDVACNSYHKYKDDVRIIKETGFDMYRFSISWTRIIPSGYGDEINQAGLDYYHRLIDELVANQVQPMATLYHWDLPQALQDIGGWTNPDVADYFMDYAAIVFREFGDKVKWWVTINEMHMVVNGYGSWTQLAPGLNDSGVSDYQAAHNLLRAHAKVYRLYHDVFKPSQQGKVGVSNYAAYMKPRNANSLQDQEAALRATQFQFGIFTHPIFSKTGDYPKVVRERIDRNSVEEGRNTSRLPYFSATEIEDLKGSADFFGLNHYFTSIATSGLVDRNPSRDRDSGCVVGNNTQSAVGFRKLLKWIKNEYDNPPIFITENGTGDDNDVNDTKRVEFYHDSIEAVMKAKVEDGCDIIGYTTWSLMDNFEWYDGYTVKFGLYRVDFNNSELPRTMKQSARFVQKLLKSRELPDLPFTS,,
JAT69317.1,SCTTNCLAPFVKVLNDRFGIVKGTMTTTHSYTGDQRLLDASHRDLRRARAAALNIVPTTTGAAKAVALVLPQLKGKLNGVALRVPTPTVSVVDLVIQTEKKTFTEEVNSAFREASEGYLKGILAVSDEPLVSCDYRMTDVSSTIDAALTMVMGDDMVKVIAWYDNEWG,,
MOB10914.1,KRWNQFYEMILRHPSFLSRMKRYIRNICWRLPSFYFPFAVLLAYCYLRNLNYCYVQWHYAQSIAREVTLATTAKGKLSSHSYNNVLLRKPYGFRELEMTAHHLEQFRARLLVFNGTNFVVYNLEPRNQSGWHPWHQCNQCQKIIPLLVHALTELYPNRFQKGQPVFQLFFTDADYFSSKCVNPGMCSSISDFAPVLLFGSAPKNSSELPTIKGFPHFYYANCLYDFKIFGKLACAWDENVPPSSNSWETLESKIMWRGSNFHFIDRYKTMPGDASKVLSIPLHGNISKKDAIQLLFKNWKILTPRWRAVALTLDAELNNDSWIDAKFILLGNRPALNHFQGKGIQVYTSKTDLKEMSKYKYQIDLGGWGGTSWRGTISKLGMPGVLFHHETVTQDFFYDILKPWVHYIPIHWDLSDLREKYDWAEANPKEAERISRSGTMLFHRLLNGELMKDVYVKLFVKYLSLVVEAYETSNQTWEELSVRYNRTLDVIPVGVCDQSSCVVEDKYGVPMQTARWTNK,,
JAG65506.1,MPPFSTFATCVFLASAALASHKGVFHDPDAGARQLMDSFNLISANISSYGSHASWAFESDMNEINKRNMVKVKAETSAISHKLWLALKQVDWEQIQDPILRRQYMLAIVVGAAALPINKSLEFGKLVRKMKETYSKAAVCDFNNSTICNYHIMPDLENIFAKSRFEPELKHYWKSWRDVSGRPSRNTFIHYIELKKEVAKANGIPDPVAYWNYYFEDPNFEKKNEQLWEEIKPLYEQLHGYVRFKLHKFYGAFLSKDGPIPAHLLGNPWAQSWANVKDIVMDDPFFNGYKGPDITEELHKKNYDVLKIVREAERFFVSLGFPRLPQSFWEKSIFLRPPGVDLNCHPSSWNLHNYDVRMKMCATIDEKNFVTVHHEMGHVEYYLMYEHLPYVFQKGANQGFHEAIGDVVALNVQTNAHMEKIGLLNKETAKSVPRKVQNMAHLLHIALEKIAFLPYGYLVDKYRWEVLRGNIRPEKLNEGWWAMRNQYQGLSPPVERTEEDFDAASKYHVSADSKYIIYFVSHVLQFQIYKGLCMAAGQYDPSSQDLWLSECDIYAHSAAGQKFREMMSYGASQPWPDTLHVVTGSRTLDARPLLEYFKPLYKWLKETNKNNNVTVGWGPVPSNPMKPSV,,
JAS60519.1,HYNNGYKAVKMWEAIMTSLILTDKEDPHVNVEEFRDRMRDDFICSLGRDYEDEMADQYNFLIDILIQNDGFKISVLTQLHGLYRIWGHPSVDGIQGIIKLKQIACQPRGIDLNSVRFISCKWREFLSTSYYNKYGHLPKMKWDNMNPKCYLRKCLETSKLPDTHHADYNLLDWSDVKFEKTFHIPDRFDFTEMIADKATSLGLQELKRECERTGDIGSSASRSVIMRWIKERYISPKDFLDRISRHGFPADEQVCGVYPKEREGKNEPRLFGLMPLVKRLYIVLTEALLAEYVLPLFPEITMTFDSVTLNTKLYHCTKKLNPDVKEKIKGTDIVTNLDFEKWNSFMRKEETDLLFSDFDDLFGLDRIFSRSHELFNPCQFYLADGTFTPSFIAGTTKMVEELGCWSQHLGGIEGLRQKGWTIFTVVILKYVAALQNARCQIIGQGDNQVLITTYFPQPGITIKEQHQQFMLKLNNILSSIGPPLKLQESWASSLFFTYGKFPIYEGVPQPASLKKSCRTGRLNNDGVINLDSTISSIAANISAAVQCSNCPIIPYFIGLMETMAAIRLYIELPFYGVDSLSHS,,
